customer_id,age,gender,region,education_level,employment_type,annual_income,loan_amount,loan_purpose,credit_score,repayment_history,transaction_count,spending_ratio,join_date,default_flag
CUST0001,59.0,Male,West,Graduate,Salaried,43347.13,99011.8,Other,693.4,2,58,20.2,2020-06-22,1
CUST0002,49.0,Female,South,Primary,Self-Employed,64494.51,200534.22,Education,600.2,5,50,101.54,2017-06-17,1
CUST0003,35.0,Male,South,Primary,,83022.82,162229.1,Business,466.6,2,38,42.02,2018-01-22,0
CUST0004,63.0,Female,South,Graduate,Salaried,61682.03,210989.79,Business,616.7,0,55,30.67,2019-11-21,0
CUST0005,28.0,Male,East,Post-Graduate,Unemployed,2236457.03,1283259.67,Car,638.0,2,28,67.2,2020-06-12,0
CUST0006,41.0,Male,North,Graduate,Unemployed,59038.01,249199.55,Car,756.9,4,74,83.17,2015-04-29,0
CUST0007,59.0,Male,North,Graduate,,70733.31,1136426.08,Business,632.7,0,86,30.79,2019-05-12,0
CUST0008,39.0,Male,South,Secondary,Unemployed,,167340.21,Car,481.4,1,119,39.4,2018-10-08,0
CUST0009,43.0,Female,East,Graduate,,47988.19,97323.78,Other,,3,81,20.21,2022-07-02,0
CUST0010,31.0,Male,North,Post-Graduate,Unemployed,77854.08,39582.04,Home,700.7,1,22,30.77,2022-08-13,1
CUST0011,31.0,Female,East,Secondary,Salaried,119428.36,70493.67,Home,535.8,0,43,29.98,2023-12-14,0
CUST0012,44.0,Female,West,Graduate,,80844.57,386444.7,Other,476.0,1,83,36.32,2019-07-15,0
CUST0013,56.0,Male,North,Post-Graduate,Salaried,93336.63,269398.55,Education,680.0,1,81,39.11,2023-02-14,0
CUST0014,60.0,Male,East,Secondary,Salaried,71854.66,63260.08,Car,561.9,2,88,43.81,2016-11-07,0
CUST0015,44.0,Female,South,Graduate,Salaried,39787.89,913417.84,Business,675.8,0,36,37.29,2020-03-29,0
CUST0016,23.0,Female,West,Secondary,Self-Employed,119725.38,204584.25,Business,526.8,1,96,18.08,2016-06-06,1
CUST0017,42.0,Male,North,Graduate,Self-Employed,282931.43,224632.66,Education,717.9,1,110,20.71,2021-12-23,0
CUST0018,22.0,Male,East,Graduate,Self-Employed,99811.73,4698327.23,Home,669.8,2,52,25.2,2020-12-27,0
CUST0019,44.0,,West,Graduate,Salaried,113001.74,549970.0,Business,542.2,4,36,28.76,2015-04-21,0
CUST0020,64.0,Male,West,Graduate,,149587.03,281192.91,Other,467.2,2,28,56.0,2019-06-02,1
CUST0021,,Other,East,Secondary,Self-Employed,46092.32,290817.08,Home,784.4,0,78,18.51,2021-08-21,0
CUST0022,58.0,Male,South,Post-Graduate,Salaried,274171.42,310503.23,Other,583.2,2,58,27.7,2021-04-30,0
CUST0023,22.0,Male,East,Graduate,Self-Employed,,137492.27,Other,539.0,1,36,53.33,2022-06-08,0
CUST0024,41.0,Male,West,Secondary,,262790.95,198939.3,Education,710.9,1,70,28.5,2015-04-22,0
CUST0025,53.0,Female,East,Graduate,Salaried,63588.01,243293.63,Business,675.7,0,9,41.69,2015-12-10,0
CUST0026,32.0,Male,North,Graduate,Unemployed,293853.66,148933.05,Car,694.6,1,21,30.88,2022-03-17,0
CUST0027,,Female,West,Secondary,Salaried,157171.57,82801.9,Car,592.1,1,64,37.65,2019-10-22,1
CUST0028,64.0,Male,East,Post-Graduate,Salaried,137561.18,135091.65,Business,750.5,1,76,29.54,2016-07-09,0
CUST0029,45.0,Male,East,Post-Graduate,Unemployed,113597.26,81507.24,Other,495.2,2,61,46.23,2020-03-06,1
CUST0030,47.0,Male,North,Secondary,Self-Employed,85040.49,170256.4,Business,555.8,1,94,15.29,2017-01-14,0
CUST0031,62.0,Male,East,Post-Graduate,Salaried,202869.66,46801.94,Education,631.2,1,95,27.61,2015-07-25,0
CUST0032,48.0,Male,South,Secondary,Salaried,,206638.66,Home,693.4,3,40,38.41,2017-12-01,0
CUST0033,36.0,Male,East,Secondary,,30325.92,51953.68,Home,652.9,2,56,43.24,2019-04-02,0
CUST0034,35.0,Male,North,Secondary,Self-Employed,50497.96,122708.74,Car,593.4,1,4,69.86,2018-09-02,0
CUST0035,64.0,Male,East,Post-Graduate,Salaried,88299.75,231624.02,Home,562.0,4,31,27.23,2017-05-16,0
CUST0036,23.0,Female,West,Graduate,Salaried,118895.4,283170.0,Education,693.9,1,27,69.39,2020-02-06,0
CUST0037,57.0,Female,North,Secondary,Unemployed,95420.33,260576.42,Car,661.2,1,58,23.82,2018-08-31,0
CUST0038,27.0,Female,West,Graduate,Salaried,205126.57,203579.88,Business,530.0,1,25,64.35,2018-10-14,0
CUST0039,41.0,Female,South,Graduate,Salaried,30617.86,74347.75,Car,,0,69,49.84,2023-07-15,0
CUST0040,29.0,Female,West,Primary,Salaried,107597.51,323329.06,Education,556.4,1,70,20.97,2019-04-02,0
CUST0041,59.0,Female,East,Post-Graduate,,33163.74,75547.66,Education,546.1,0,5,38.61,2018-02-13,1
CUST0042,38.0,Female,East,Post-Graduate,Salaried,155721.96,350180.17,Home,682.4,1,115,32.28,2023-06-08,0
CUST0043,24.0,Male,East,Graduate,Salaried,93276.62,252557.27,Home,634.9,1,91,45.28,2019-09-23,0
CUST0044,45.0,Male,West,Post-Graduate,Self-Employed,126977.6,421355.03,Car,644.6,3,8,29.62,2017-10-30,0
CUST0045,34.0,Female,South,Graduate,Salaried,58786.66,165612.82,Other,,2,9,28.4,2015-12-02,0
CUST0046,29.0,Female,South,Post-Graduate,Salaried,212708.71,91753.89,Home,619.1,0,15,65.66,2020-04-10,0
CUST0047,46.0,Male,East,Graduate,Salaried,184431.76,65850.56,Business,473.5,1,100,31.52,2015-03-21,1
CUST0048,22.0,Male,West,Graduate,Salaried,140102.08,71174.83,Other,663.5,2,105,50.06,2023-05-27,1
CUST0049,40.0,Male,East,Secondary,Salaried,91335.03,51754.03,Business,,2,7,29.59,2021-01-18,0
CUST0050,48.0,Male,East,Post-Graduate,Salaried,,314708.48,Home,597.3,6,96,76.2,2015-08-02,0
CUST0051,27.0,Male,South,Graduate,Salaried,64593.2,343585.71,Other,562.1,1,72,23.59,2018-12-04,0
CUST0052,,Female,West,Secondary,Salaried,164939.4,239807.06,Home,,2,111,24.36,2017-07-07,0
CUST0053,28.0,Female,North,Primary,Self-Employed,265584.55,159033.69,Education,645.8,4,115,70.97,2022-04-16,0
CUST0054,55.0,Male,South,Graduate,Unemployed,187656.1,688776.15,Other,519.3,0,15,26.51,2015-10-09,0
CUST0055,34.0,Female,North,Graduate,Self-Employed,63719.03,151948.37,Education,620.2,0,37,73.74,2023-10-05,0
CUST0056,37.0,Female,South,Graduate,Unemployed,122620.61,189973.86,Car,564.1,1,83,51.72,2022-04-23,0
CUST0057,56.0,,South,Post-Graduate,Salaried,45438.5,157393.44,Car,705.7,3,39,30.65,2015-06-14,0
CUST0058,,Other,South,Primary,Unemployed,139167.59,128435.79,Car,510.8,0,6,13.37,2023-06-17,0
CUST0059,24.0,Male,East,Graduate,Salaried,129360.98,253135.99,Education,519.8,0,83,32.8,2015-05-08,0
CUST0060,22.0,Other,South,Secondary,Unemployed,257185.2,104459.25,Car,571.2,1,57,34.84,2017-10-09,0
CUST0061,26.0,Female,South,Post-Graduate,Unemployed,49164.63,99667.56,Other,525.9,0,92,59.36,2017-03-27,0
CUST0062,62.0,Male,North,Post-Graduate,,83292.74,262243.46,Other,582.0,1,81,73.28,2015-03-25,0
CUST0063,24.0,Male,South,Graduate,Unemployed,82411.82,114883.53,Other,,2,106,23.51,2021-12-19,0
CUST0064,,Male,North,Graduate,Self-Employed,47777.68,178695.3,Car,607.1,2,19,49.43,2016-09-16,0
CUST0065,38.0,Male,North,Secondary,Salaried,,128164.56,Business,680.6,2,63,48.56,2017-09-04,0
CUST0066,,Male,East,Graduate,Salaried,114792.81,161444.08,Other,605.7,2,31,56.64,2016-06-01,1
CUST0067,64.0,,East,Post-Graduate,Self-Employed,87854.61,101589.72,Other,613.0,0,75,42.49,2020-04-23,0
CUST0068,54.0,Male,East,Graduate,Salaried,62725.61,103941.95,Car,515.4,1,79,12.54,2022-07-05,0
CUST0069,30.0,Female,South,Secondary,Self-Employed,185206.05,91691.73,Home,589.3,0,10,30.64,2016-04-13,0
CUST0070,56.0,Male,South,Graduate,Unemployed,266530.58,293704.98,Home,566.3,2,107,18.58,2021-04-29,1
CUST0071,34.0,,West,Post-Graduate,Salaried,73855.3,183564.13,Education,654.5,2,87,29.93,2017-06-11,0
CUST0072,51.0,Male,South,Secondary,Self-Employed,68370.71,309584.26,Education,538.8,2,67,54.06,2020-03-19,1
CUST0073,35.0,Female,South,Secondary,Unemployed,,333624.24,Business,531.1,1,62,38.57,2022-11-05,0
CUST0074,28.0,Male,North,Graduate,Unemployed,79632.88,117955.18,Car,625.4,3,3,58.79,2017-11-15,1
CUST0075,34.0,Male,South,Post-Graduate,Unemployed,90795.2,301676.19,Home,758.4,2,18,39.29,2023-08-08,0
CUST0076,43.0,Female,South,Secondary,Salaried,153859.0,161153.97,Car,,2,25,17.3,2019-02-19,0
CUST0077,,Female,South,Secondary,Unemployed,31394.45,145645.16,Car,613.5,3,107,9.39,2016-11-18,1
CUST0078,41.0,Male,East,Secondary,,217723.55,391075.91,Home,675.8,2,20,35.67,2021-10-17,1
CUST0079,36.0,Male,South,Secondary,,103115.84,239818.56,Business,640.8,0,58,29.76,2021-10-23,0
CUST0080,,Male,East,Graduate,,77118.93,127172.92,Education,641.3,1,93,20.32,2023-05-22,0
CUST0081,44.0,Male,East,Graduate,,93569.48,229155.32,Business,592.4,1,86,14.15,2023-01-21,0
CUST0082,46.0,Male,West,Graduate,Salaried,96515.38,67104.15,Car,593.9,1,50,22.93,2016-04-14,0
CUST0083,45.0,,East,Graduate,Self-Employed,,193516.7,Car,539.6,0,79,30.05,2023-09-21,0
CUST0084,61.0,Male,West,Secondary,Self-Employed,242065.33,56970.33,Education,638.9,0,103,46.2,2016-11-01,1
CUST0085,49.0,Male,North,Post-Graduate,Salaried,101194.06,81709.07,Other,637.1,0,10,36.39,2018-06-28,0
CUST0086,35.0,Male,North,Graduate,Self-Employed,128772.33,245057.41,Home,657.4,2,21,74.0,2016-03-18,0
CUST0087,21.0,Male,North,Post-Graduate,Self-Employed,174718.23,25105.14,Business,561.0,5,119,19.73,2021-06-28,1
CUST0088,45.0,Female,East,Graduate,Salaried,53492.81,574789.0,Car,666.4,2,116,51.45,2015-04-16,0
CUST0089,27.0,Female,West,Secondary,Salaried,131148.18,291893.68,Other,690.7,1,29,33.91,2018-07-01,0
CUST0090,29.0,Male,North,Graduate,Salaried,84070.86,44937.45,Business,502.9,2,96,46.87,2021-06-16,0
CUST0091,44.0,Male,West,Secondary,Salaried,164072.3,872352.64,Car,576.3,1,10,26.62,2022-08-06,0
CUST0092,21.0,Female,North,Graduate,Unemployed,27547.4,1057980.78,Business,694.0,3,13,56.59,2019-03-18,1
CUST0093,64.0,Male,West,Primary,Salaried,93017.55,143437.67,Home,548.0,0,47,38.38,2019-06-13,0
CUST0094,28.0,Male,South,Secondary,Self-Employed,68755.2,85089.39,Other,,0,23,23.58,2023-01-07,0
CUST0095,44.0,Female,North,Post-Graduate,Salaried,127945.26,529883.53,Car,600.7,0,50,32.92,2017-03-23,1
CUST0096,31.0,Male,South,Secondary,Salaried,130878.74,127943.87,Education,626.5,1,87,29.38,2015-11-08,0
CUST0097,37.0,Male,North,Post-Graduate,Self-Employed,64564.79,1093055.04,Business,603.1,2,95,42.29,2021-08-22,0
CUST0098,28.0,Male,North,Secondary,Self-Employed,64388.84,381590.31,Business,659.7,0,4,18.36,2022-09-29,0
CUST0099,55.0,Other,South,Graduate,Salaried,92374.0,146172.39,Home,518.3,1,116,32.63,2022-01-13,0
CUST0100,55.0,Male,West,Graduate,Salaried,57642.46,137483.89,Business,,0,113,40.35,2017-09-21,0
CUST0101,53.0,Female,South,Graduate,Salaried,163601.72,66790.99,Car,,0,67,33.67,2016-02-22,0
CUST0102,25.0,Male,South,Secondary,Salaried,79100.6,104675.44,Car,768.0,2,85,64.94,2022-10-26,0
CUST0103,62.0,Female,East,Secondary,Self-Employed,17254.13,813597.11,Business,599.6,1,53,48.76,2023-08-31,0
CUST0104,59.0,Male,East,Primary,Salaried,630676.48,68391.63,Car,737.2,2,2,32.99,2018-05-20,0
CUST0105,61.0,Other,North,Secondary,Salaried,52937.84,72870.92,Car,538.3,2,68,36.9,2022-09-03,1
CUST0106,48.0,Other,South,Graduate,Salaried,37094.89,166628.31,Business,557.5,1,65,38.39,2021-09-25,0
CUST0107,27.0,Female,North,Post-Graduate,Unemployed,46983.14,44587.42,Home,716.6,1,79,40.51,2016-05-10,1
CUST0108,29.0,Male,North,Post-Graduate,Unemployed,105413.4,87955.47,Business,664.3,1,57,13.29,2023-12-06,1
CUST0109,28.0,Female,East,Graduate,Salaried,219078.3,634895.56,Home,728.5,1,97,28.48,2021-05-07,0
CUST0110,32.0,Female,North,Graduate,Self-Employed,119122.86,127793.63,Home,637.5,0,70,15.76,2023-10-11,0
CUST0111,54.0,Male,South,Graduate,Salaried,68603.44,117066.05,Home,519.0,3,7,62.75,2015-06-18,0
CUST0112,53.0,Male,East,Secondary,Salaried,129773.06,127393.74,Education,617.9,0,19,32.12,2018-11-23,0
CUST0113,43.0,Other,North,Post-Graduate,Self-Employed,74947.7,128809.95,Business,696.2,2,44,30.06,2020-12-22,0
CUST0114,44.0,Female,East,Graduate,Unemployed,65071.36,243387.04,Home,589.4,1,63,51.85,2019-10-21,0
CUST0115,57.0,Male,North,Graduate,Unemployed,,231748.11,Home,577.1,5,65,40.9,2022-06-02,1
CUST0116,55.0,Other,West,Secondary,Self-Employed,34506.49,123805.75,Other,638.7,1,39,18.83,2019-02-26,1
CUST0117,64.0,Other,South,Graduate,Salaried,78123.47,140128.31,Home,555.2,2,83,31.96,2015-10-10,0
CUST0118,60.0,Female,West,Graduate,Self-Employed,108535.45,407966.84,Other,623.6,1,109,28.01,2020-09-03,0
CUST0119,42.0,Male,East,Post-Graduate,Salaried,93155.54,56544.7,Home,605.1,1,26,13.84,2022-04-06,0
CUST0120,47.0,Male,North,Graduate,Self-Employed,76912.2,156325.02,Business,560.8,1,44,23.45,2018-10-29,0
CUST0121,55.0,Other,East,Secondary,Salaried,,178916.16,Car,678.5,1,12,30.21,2015-02-21,0
CUST0122,21.0,Male,West,Post-Graduate,Self-Employed,142194.02,94496.87,Other,651.7,1,22,31.27,2019-09-17,0
CUST0123,55.0,Male,East,Secondary,,,150152.15,Business,571.7,0,77,15.78,2020-06-30,0
CUST0124,57.0,Male,West,Graduate,Salaried,157253.86,85976.26,Car,598.8,1,92,58.9,2016-03-08,0
CUST0125,34.0,Female,West,Primary,Unemployed,54104.35,254236.03,Home,578.3,1,14,31.47,2019-11-11,0
CUST0126,23.0,Male,North,Graduate,Salaried,62852.05,63783.85,Business,548.9,2,86,33.74,2019-01-23,0
CUST0127,21.0,Male,North,Post-Graduate,Salaried,40942.7,342365.3,Education,,0,30,40.46,2022-02-16,1
CUST0128,25.0,,East,Secondary,Salaried,73068.94,154613.91,Home,561.3,2,44,22.33,2020-02-27,0
CUST0129,46.0,,South,Post-Graduate,Salaried,177227.14,118940.22,Home,550.1,2,84,41.6,2022-12-07,0
CUST0130,34.0,Female,West,Secondary,Salaried,,80556.33,Business,,1,108,27.56,2016-09-18,1
CUST0131,59.0,Male,West,Post-Graduate,Salaried,,334857.54,Car,635.3,1,91,21.15,2019-11-19,0
CUST0132,47.0,Male,South,Graduate,Unemployed,135034.49,103124.94,Education,535.8,3,38,44.11,2016-12-22,0
CUST0133,29.0,Male,North,Post-Graduate,Salaried,407273.26,71892.41,Education,629.9,3,59,69.81,2023-03-25,0
CUST0134,35.0,Male,East,Primary,Unemployed,80945.1,339770.04,Other,523.5,1,42,47.58,2020-11-07,0
CUST0135,35.0,Other,North,Post-Graduate,Self-Employed,61813.71,518525.97,Other,590.0,2,52,52.54,2022-04-18,1
CUST0136,46.0,Male,West,Graduate,Salaried,219332.68,152338.82,Other,551.8,0,63,25.53,2018-01-11,0
CUST0137,62.0,Male,South,Secondary,Self-Employed,48142.8,288705.57,Home,659.7,3,61,14.9,2021-11-27,0
CUST0138,33.0,Male,East,Post-Graduate,Salaried,168757.59,181783.25,Other,609.3,1,105,69.76,2021-01-13,0
CUST0139,52.0,Female,North,Secondary,Self-Employed,,546667.53,Car,591.2,2,34,92.5,2023-09-08,1
CUST0140,59.0,Male,East,Post-Graduate,Salaried,295898.6,90720.15,Education,550.0,0,39,71.62,2020-06-03,0
CUST0141,52.0,Other,South,Secondary,,77202.57,140454.95,Education,573.7,1,41,28.0,2020-03-19,0
CUST0142,24.0,Male,East,Graduate,Unemployed,,148267.79,Home,746.3,1,108,18.59,2019-11-20,1
CUST0143,50.0,Female,North,Graduate,Unemployed,388089.44,251416.06,Other,559.9,2,37,19.44,2023-03-14,0
CUST0144,57.0,Male,East,Primary,Unemployed,68146.49,401128.13,Home,,1,65,14.27,2021-08-23,1
CUST0145,43.0,Male,West,Secondary,Salaried,39299.84,171361.66,Business,591.0,1,118,31.38,2018-01-04,0
CUST0146,59.0,Male,North,Primary,Self-Employed,31952.13,147802.96,Business,636.1,3,79,73.91,2018-08-13,0
CUST0147,,Other,North,Graduate,Salaried,151391.92,57636.18,Business,667.0,2,32,30.85,2017-10-02,0
CUST0148,63.0,Female,North,Secondary,Salaried,31891.98,176075.27,Home,571.7,1,8,38.52,2015-12-21,0
CUST0149,49.0,Female,East,Graduate,Salaried,,103237.76,Car,656.8,3,97,65.88,2018-02-16,0
CUST0150,56.0,Male,East,Secondary,Self-Employed,128333.54,250924.01,Business,820.5,2,18,27.06,2020-01-21,0
CUST0151,33.0,Male,South,Secondary,Salaried,110316.12,122176.39,Car,645.4,0,45,91.63,2017-09-25,0
CUST0152,52.0,Male,North,Graduate,Salaried,127422.92,137523.95,Education,729.1,0,93,89.66,2023-06-01,0
CUST0153,27.0,Female,South,Primary,,112800.26,58560.31,Car,638.5,1,96,31.01,2020-03-18,0
CUST0154,42.0,Male,East,Post-Graduate,Salaried,212632.26,45797.44,Education,525.4,1,33,24.81,2021-05-23,1
CUST0155,48.0,Female,South,Post-Graduate,Salaried,55748.74,598804.79,Other,622.1,1,5,46.93,2021-11-04,0
CUST0156,22.0,Female,West,Graduate,Salaried,65762.36,178220.84,Education,,1,82,27.83,2022-06-29,1
CUST0157,62.0,Female,North,Graduate,Unemployed,,216000.25,Education,552.3,1,112,18.57,2019-04-02,0
CUST0158,,Female,East,Post-Graduate,Salaried,162448.3,85939.04,Car,,1,74,62.84,2018-10-09,0
CUST0159,48.0,Female,South,Secondary,,169437.46,300398.9,Education,587.6,3,36,60.84,2015-04-28,0
CUST0160,48.0,Female,South,Primary,Self-Employed,129409.26,264765.0,Home,515.2,1,97,35.79,2020-07-17,0
CUST0161,64.0,Male,East,Secondary,Self-Employed,200806.33,92809.19,Car,816.7,2,23,17.61,2018-08-24,0
CUST0162,64.0,Female,East,Graduate,Salaried,48687.4,77524.26,Car,664.6,0,40,17.91,2017-01-14,0
CUST0163,,Male,West,Primary,Self-Employed,,97463.25,Education,619.6,0,5,34.94,2020-06-20,1
CUST0164,50.0,Female,North,Graduate,Self-Employed,246210.75,159564.28,Education,607.2,0,34,25.79,2017-05-18,0
CUST0165,31.0,Male,North,Post-Graduate,Self-Employed,153487.31,182951.23,Car,696.2,3,24,27.92,2018-12-24,0
CUST0166,48.0,Male,East,Post-Graduate,Salaried,287529.1,167188.27,Car,766.0,2,17,55.2,2023-12-12,1
CUST0167,45.0,Female,East,Graduate,Unemployed,36535.0,403976.13,Home,654.8,1,95,47.78,2017-11-24,1
CUST0168,59.0,Male,North,Primary,Salaried,72065.53,98669.41,Other,609.7,0,71,65.96,2018-10-26,1
CUST0169,53.0,Male,North,Post-Graduate,Salaried,63501.44,76064.47,Education,717.8,0,81,20.18,2018-02-19,0
CUST0170,,Male,North,Graduate,Salaried,152190.39,162766.07,Home,611.4,2,92,27.89,2021-09-07,0
CUST0171,47.0,Female,West,Secondary,Salaried,52570.77,49753.73,Home,634.8,2,102,48.4,2022-11-12,0
CUST0172,33.0,Male,North,Primary,Salaried,155514.94,264875.78,Other,680.1,0,22,41.43,2018-02-05,0
CUST0173,61.0,Male,South,Post-Graduate,Self-Employed,,174307.16,Home,569.1,2,15,71.25,2021-03-26,0
CUST0174,,Male,North,Graduate,Salaried,149809.8,128460.07,Business,433.9,2,101,40.86,2015-02-11,0
CUST0175,59.0,Female,South,Post-Graduate,Salaried,117037.61,123563.81,Home,565.2,1,15,83.43,2020-10-17,0
CUST0176,26.0,Male,North,Post-Graduate,Salaried,54571.99,307735.84,Other,661.8,1,114,43.38,2017-02-21,0
CUST0177,28.0,Female,South,Graduate,Salaried,,300951.25,Other,656.2,2,114,56.32,2015-12-17,0
CUST0178,47.0,Female,North,Graduate,Unemployed,208933.51,136973.08,Education,707.4,3,25,28.17,2017-09-15,1
CUST0179,29.0,Female,West,Graduate,Salaried,157567.53,1477700.39,Home,568.3,3,53,33.35,2023-01-28,0
CUST0180,57.0,Male,North,Secondary,Salaried,96431.51,297854.18,Car,726.5,2,21,52.22,2019-07-23,0
CUST0181,53.0,Female,South,Graduate,Salaried,76822.61,205842.86,Car,614.8,2,119,74.18,2020-06-24,0
CUST0182,62.0,Male,West,Graduate,Salaried,29275.76,140951.97,Education,,2,102,47.69,2021-03-24,1
CUST0183,64.0,Male,East,Graduate,,,212525.53,Car,672.3,2,66,31.77,2023-07-03,0
CUST0184,44.0,Male,South,Post-Graduate,Self-Employed,310783.39,78640.28,Home,489.5,4,91,65.93,2017-09-11,1
CUST0185,,Other,South,Graduate,Unemployed,45785.68,171060.73,Education,519.6,0,113,11.07,2022-09-29,1
CUST0186,52.0,Male,South,Graduate,Salaried,110601.39,138248.99,Education,,1,32,16.26,2020-05-04,1
CUST0187,52.0,Male,East,Graduate,Self-Employed,180677.04,123883.15,Car,685.8,1,21,46.56,2022-03-30,0
CUST0188,,Female,West,Graduate,Self-Employed,46492.51,48602.75,Home,950.0,0,68,33.35,2022-12-25,0
CUST0189,61.0,Female,East,Graduate,Self-Employed,110285.34,79275.28,Other,762.2,1,44,44.82,2020-07-03,0
CUST0190,,Female,East,Secondary,Salaried,,115829.39,Education,600.3,3,83,34.2,2020-01-10,0
CUST0191,59.0,Female,East,Graduate,Salaried,99458.88,304530.77,Business,482.3,2,66,44.06,2023-11-22,1
CUST0192,22.0,Male,South,Secondary,Salaried,551855.68,198804.35,Education,546.2,0,90,22.04,2015-03-12,0
CUST0193,,Male,North,Secondary,Self-Employed,36273.42,314195.91,Home,609.4,3,98,44.05,2016-01-17,0
CUST0194,57.0,Female,East,Graduate,Self-Employed,186323.02,388496.47,Car,641.2,3,14,54.45,2018-04-20,0
CUST0195,37.0,Male,West,Graduate,,88993.53,204948.99,Car,521.2,1,15,60.96,2017-06-26,0
CUST0196,22.0,Female,North,Post-Graduate,Salaried,156866.76,179549.35,Business,645.5,4,20,90.63,2019-07-15,0
CUST0197,22.0,Other,East,Graduate,Unemployed,128641.44,82364.04,Business,,1,34,37.41,2022-10-04,0
CUST0198,48.0,Female,North,Graduate,Self-Employed,63583.31,653873.96,Car,548.7,3,36,37.98,2017-09-23,0
CUST0199,43.0,Male,South,Graduate,Unemployed,113255.07,60325.44,Other,757.5,2,83,15.46,2018-06-08,0
CUST0200,57.0,Male,North,Graduate,Self-Employed,32378.8,176860.02,Car,557.4,3,9,25.39,2022-06-12,0
CUST0201,52.0,Female,South,Primary,Salaried,141768.18,291547.82,Other,520.0,1,71,30.07,2021-07-10,0
CUST0202,53.0,Female,East,Secondary,Self-Employed,944429.78,294406.37,Other,477.7,1,30,55.99,2019-02-20,0
CUST0203,21.0,Male,South,Secondary,,144812.65,72506.95,Home,697.7,0,77,24.4,2020-04-22,0
CUST0204,39.0,Other,East,Graduate,Salaried,186254.82,121305.56,Car,,1,91,49.31,2021-03-17,0
CUST0205,22.0,Male,East,Primary,Salaried,123077.79,93035.06,Education,561.7,4,63,33.09,2020-12-14,0
CUST0206,64.0,Male,West,Secondary,Self-Employed,107888.51,40688.31,Business,482.1,1,108,30.31,2018-11-09,0
CUST0207,46.0,Female,North,Secondary,Salaried,58183.61,178301.05,Education,568.9,2,35,37.5,2019-10-09,0
CUST0208,52.0,Male,South,Post-Graduate,Self-Employed,64387.03,98485.95,Other,790.5,2,13,27.23,2023-05-14,0
CUST0209,,Male,North,Secondary,,201197.19,466884.69,Business,428.4,1,79,26.72,2021-03-04,1
CUST0210,52.0,Female,West,Graduate,Unemployed,233701.8,250351.72,Home,549.5,3,46,14.12,2018-09-16,1
CUST0211,24.0,Female,West,Secondary,Salaried,85573.74,167540.66,Home,743.4,1,56,29.25,2018-12-12,0
CUST0212,31.0,Male,South,Graduate,Salaried,101478.44,116904.23,Business,699.9,0,9,26.05,2022-11-18,0
CUST0213,37.0,Female,West,Secondary,Self-Employed,57367.39,176412.67,Home,554.3,5,109,25.59,2020-02-02,0
CUST0214,58.0,Male,South,Secondary,Salaried,199516.88,136065.05,Business,616.3,1,87,40.79,2018-01-14,1
CUST0215,44.0,Male,East,Graduate,Self-Employed,147156.23,170873.26,Car,637.0,1,118,46.03,2018-06-09,0
CUST0216,25.0,Female,North,Primary,Self-Employed,316389.86,616087.97,Car,610.7,1,36,37.19,2017-10-26,0
CUST0217,54.0,Male,East,Primary,Salaried,58279.53,77239.84,Home,742.8,1,117,54.47,2017-08-02,0
CUST0218,26.0,Female,North,Secondary,Salaried,78684.01,144632.41,Business,627.2,1,104,44.16,2016-05-09,0
CUST0219,42.0,Other,West,Primary,Salaried,113421.65,266857.98,Home,690.8,0,3,28.57,2023-02-02,0
CUST0220,31.0,,East,Secondary,Salaried,1163956.18,122995.3,Business,,2,98,26.27,2017-02-27,0
CUST0221,36.0,,East,Secondary,Unemployed,86733.84,492071.49,Education,437.4,2,19,38.72,2018-07-16,0
CUST0222,53.0,Male,North,Post-Graduate,Self-Employed,58467.33,261691.45,Business,504.6,1,28,44.12,2016-05-04,0
CUST0223,29.0,Female,South,Graduate,Self-Employed,167517.74,98398.09,Education,521.2,3,23,66.61,2023-05-01,1
CUST0224,26.0,Male,North,Graduate,Self-Employed,,187746.53,Home,580.1,1,104,60.07,2021-01-03,0
CUST0225,36.0,Male,South,Secondary,Salaried,56967.46,99386.73,Business,766.3,0,113,25.26,2023-07-19,0
CUST0226,49.0,Male,North,Post-Graduate,Unemployed,222629.82,93184.73,Home,629.0,3,109,31.47,2022-09-27,1
CUST0227,23.0,Male,West,Secondary,Self-Employed,199210.88,147541.0,Education,591.5,3,7,46.32,2017-01-28,0
CUST0228,40.0,Female,East,Primary,Self-Employed,,394207.54,Home,699.1,0,105,56.49,2017-02-23,1
CUST0229,56.0,Male,South,Graduate,Unemployed,103544.7,274254.43,Business,483.8,1,76,52.96,2017-06-05,0
CUST0230,39.0,Male,South,Secondary,Salaried,137645.2,160202.78,Other,560.8,2,14,32.07,2023-04-14,0
CUST0231,46.0,Other,South,Secondary,Self-Employed,58863.6,281202.5,Education,549.0,1,46,17.69,2020-06-06,0
CUST0232,23.0,Male,East,Graduate,Salaried,100510.64,196424.44,Education,631.8,0,15,20.1,2018-02-06,0
CUST0233,39.0,Male,South,Post-Graduate,Salaried,27134.73,71759.45,Business,671.7,0,67,37.95,2023-02-15,0
CUST0234,40.0,Male,West,Graduate,Salaried,167020.76,147031.73,Home,637.7,2,15,39.3,2021-08-11,0
CUST0235,52.0,Male,South,Graduate,Unemployed,38681.01,154629.67,Other,639.0,3,51,19.12,2023-07-11,1
CUST0236,27.0,Female,West,Post-Graduate,Unemployed,243300.33,277390.97,Home,571.1,0,88,33.86,2020-11-18,0
CUST0237,61.0,Male,West,Secondary,Self-Employed,80977.61,109477.1,Other,625.7,0,116,45.4,2021-09-10,0
CUST0238,53.0,Male,North,Secondary,Self-Employed,86942.29,85916.81,Business,532.8,1,110,18.62,2018-03-05,0
CUST0239,60.0,Male,West,Secondary,Self-Employed,67735.09,157647.55,Business,653.9,3,8,57.54,2016-02-16,1
CUST0240,59.0,Male,North,Graduate,,83048.22,103590.7,Business,560.0,0,69,27.42,2017-03-06,0
CUST0241,,Male,West,Graduate,Salaried,231218.59,129773.19,Education,510.3,5,62,62.1,2018-04-28,0
CUST0242,60.0,Female,South,Post-Graduate,Salaried,22188.18,153796.3,Education,603.0,1,51,25.36,2017-07-20,0
CUST0243,21.0,Male,West,Graduate,Salaried,212389.95,124476.11,Home,447.0,1,63,19.82,2019-01-18,1
CUST0244,31.0,Female,West,Graduate,Self-Employed,120911.49,319409.07,Education,717.9,3,68,26.34,2017-01-04,1
CUST0245,48.0,Female,West,Secondary,Self-Employed,47848.12,438014.18,Education,663.8,1,78,31.58,2018-05-23,0
CUST0246,45.0,Other,East,Post-Graduate,Salaried,51782.76,297758.35,Other,627.0,0,16,27.27,2015-02-27,1
CUST0247,43.0,Male,South,Post-Graduate,Salaried,269907.83,47106.3,Education,470.1,1,84,29.73,2022-12-10,0
CUST0248,51.0,Female,North,Post-Graduate,Self-Employed,55976.98,103841.24,Home,544.0,1,24,39.13,2020-12-27,1
CUST0249,50.0,Male,South,Primary,Salaried,49414.03,143622.49,Car,,1,6,30.4,2016-06-02,0
CUST0250,62.0,Female,North,Graduate,Self-Employed,195318.87,44694.63,Business,579.0,2,119,32.04,2018-01-28,0
CUST0251,55.0,Female,East,Primary,Unemployed,120949.9,88157.11,Home,464.9,1,57,14.09,2015-07-06,1
CUST0252,27.0,Male,South,Secondary,Salaried,56232.19,142343.58,Car,494.7,0,31,40.28,2015-08-12,0
CUST0253,36.0,Male,West,Primary,Salaried,112417.51,118861.97,Business,577.4,2,6,31.67,2021-03-16,0
CUST0254,46.0,Female,East,Graduate,Self-Employed,53345.69,163743.28,Education,497.3,1,99,74.08,2018-04-11,0
CUST0255,22.0,Male,West,Graduate,Self-Employed,191088.67,61908.96,Education,709.7,2,79,20.7,2022-10-27,1
CUST0256,21.0,Male,North,Secondary,Salaried,186618.66,117924.79,Car,639.6,2,29,13.41,2016-06-01,0
CUST0257,32.0,Male,West,Secondary,Unemployed,135836.02,181015.3,Business,535.7,1,67,45.11,2022-02-25,0
CUST0258,25.0,Male,West,Graduate,Salaried,122638.54,163921.19,Car,693.5,1,75,39.38,2023-06-11,0
CUST0259,57.0,Female,South,Secondary,Salaried,283995.27,222531.85,Business,677.4,0,3,20.0,2020-07-03,0
CUST0260,52.0,Female,East,Secondary,Self-Employed,98697.19,213630.26,Home,623.1,2,28,15.41,2016-02-25,0
CUST0261,29.0,Other,East,Graduate,Unemployed,48575.55,122397.0,Other,596.8,1,74,71.43,2015-02-20,0
CUST0262,,Male,North,Graduate,,129273.34,177031.55,Education,576.1,4,114,67.16,2021-06-09,0
CUST0263,55.0,Other,South,Primary,Self-Employed,345113.36,92967.46,Car,556.8,1,97,9.55,2018-03-10,0
CUST0264,39.0,Male,South,Primary,Self-Employed,429589.7,134704.69,Education,493.1,3,48,26.33,2020-04-06,0
CUST0265,36.0,Male,North,Secondary,Salaried,79469.0,77735.54,Education,722.3,1,80,76.1,2020-05-14,1
CUST0266,23.0,Male,South,Post-Graduate,Salaried,126736.78,343106.82,Home,558.4,2,10,26.1,2019-12-10,0
CUST0267,40.0,Male,North,Graduate,Unemployed,,134397.08,Business,602.3,2,33,25.91,2018-10-27,1
CUST0268,44.0,Other,North,Graduate,Salaried,54754.67,342751.31,Car,527.2,4,100,28.75,2017-01-25,0
CUST0269,53.0,Male,North,Secondary,Salaried,,202409.32,Other,579.2,1,67,18.91,2015-07-30,0
CUST0270,44.0,Female,West,Graduate,Salaried,397132.17,87556.22,Business,828.1,0,69,14.12,2017-10-31,1
CUST0271,31.0,Female,South,Primary,Unemployed,111043.68,194031.27,Car,,3,12,56.05,2020-05-10,0
CUST0272,28.0,Female,West,Graduate,Self-Employed,57386.19,286875.27,Business,715.9,6,57,13.18,2016-04-12,0
CUST0273,56.0,Male,South,Post-Graduate,Self-Employed,38972.97,154151.85,Car,597.8,1,44,37.47,2015-09-25,0
CUST0274,58.0,Male,South,Graduate,Salaried,115241.54,171411.19,Home,654.4,0,13,51.59,2019-06-30,0
CUST0275,60.0,Female,South,Post-Graduate,Self-Employed,191439.37,110633.68,Other,699.6,1,24,16.03,2020-07-07,0
CUST0276,40.0,Male,South,Graduate,Self-Employed,1050253.57,993144.77,Business,621.8,1,44,20.86,2015-10-31,0
CUST0277,55.0,Male,North,Secondary,Self-Employed,98573.5,192245.55,Education,571.9,0,57,60.74,2021-06-21,1
CUST0278,45.0,Male,East,Post-Graduate,Unemployed,69316.41,108535.1,Car,585.1,1,96,43.23,2022-01-22,0
CUST0279,,Female,North,Primary,Salaried,51261.84,76457.69,Car,587.8,1,16,24.32,2022-09-12,0
CUST0280,45.0,Male,East,Graduate,Self-Employed,162893.32,400944.92,Other,749.1,4,96,60.41,2015-08-08,0
CUST0281,49.0,Male,East,Secondary,Salaried,170802.46,248422.04,Home,481.3,4,109,60.54,2016-09-13,1
CUST0282,38.0,Male,North,Primary,Salaried,39048.59,110928.3,Car,458.3,2,101,37.88,2016-09-03,1
CUST0283,38.0,Male,North,Graduate,Salaried,256248.61,189806.44,Education,,0,100,21.11,2021-04-24,0
CUST0284,22.0,Female,East,Secondary,Salaried,139308.02,57814.5,Education,528.5,1,21,26.93,2018-05-29,0
CUST0285,55.0,Male,South,Graduate,Salaried,228606.35,40784.21,Education,656.0,1,111,38.21,2015-12-15,1
CUST0286,36.0,Male,North,Graduate,Self-Employed,44122.42,347629.72,Home,660.9,2,76,30.14,2017-10-13,1
CUST0287,61.0,Male,West,Primary,Salaried,43499.53,191125.55,Home,551.4,0,51,52.96,2016-04-30,0
CUST0288,56.0,Male,North,Secondary,Self-Employed,90275.23,157409.86,Car,597.7,5,21,15.41,2021-04-04,1
CUST0289,53.0,Male,East,Graduate,Salaried,133475.16,191541.55,Other,510.7,2,60,15.69,2023-07-29,0
CUST0290,24.0,,West,Secondary,Salaried,290052.29,1557032.25,Home,518.1,2,51,36.25,2019-09-01,0
CUST0291,53.0,Female,North,Graduate,Self-Employed,150790.59,299050.19,Business,646.4,1,21,25.9,2021-10-19,0
CUST0292,34.0,Male,North,Graduate,Salaried,85339.38,78291.3,Business,683.8,1,107,24.2,2021-09-07,0
CUST0293,41.0,Female,North,Post-Graduate,Salaried,53325.96,50198.3,Business,561.9,0,117,13.68,2023-11-13,0
CUST0294,40.0,Male,South,Graduate,Self-Employed,206488.57,340501.58,Other,730.8,3,6,33.44,2021-12-08,0
CUST0295,28.0,Male,North,Graduate,Salaried,55335.88,296341.3,Car,677.2,4,73,32.25,2017-07-13,0
CUST0296,27.0,Female,East,Graduate,Salaried,262257.24,243419.74,Home,727.3,2,65,45.91,2023-09-13,0
CUST0297,23.0,Male,North,Secondary,Salaried,83230.51,92132.65,Education,575.9,1,76,34.28,2020-11-10,1
CUST0298,37.0,Male,South,Secondary,Unemployed,256362.89,209881.8,Car,721.7,3,58,30.99,2019-04-08,1
CUST0299,53.0,Male,West,Graduate,Self-Employed,148354.32,98091.73,Business,774.4,1,78,59.65,2020-01-20,0
CUST0300,32.0,Male,West,Graduate,Self-Employed,90926.13,258835.32,Education,567.0,2,6,17.18,2019-12-19,0
CUST0301,42.0,Male,East,Graduate,Self-Employed,,323793.04,Other,587.7,1,65,43.3,2018-05-02,0
CUST0302,42.0,Male,South,Post-Graduate,Salaried,80455.16,111253.77,Home,524.2,0,86,14.36,2021-08-07,0
CUST0303,50.0,Male,East,Post-Graduate,Salaried,127642.67,359427.26,Other,508.5,0,34,21.78,2019-10-23,0
CUST0304,58.0,Male,South,Post-Graduate,Self-Employed,,176380.11,Car,509.4,3,56,18.06,2018-06-04,0
CUST0305,58.0,Male,South,Graduate,Salaried,69127.86,229649.9,Education,,2,75,48.96,2021-05-18,0
CUST0306,28.0,Female,North,Secondary,Salaried,89377.22,390434.74,Car,622.0,0,3,32.05,2021-12-18,0
CUST0307,47.0,Male,West,Graduate,,103481.3,191482.2,Business,,3,42,32.89,2015-09-04,0
CUST0308,47.0,Male,South,Secondary,Salaried,27522.51,101426.63,Car,619.5,1,62,19.04,2021-11-02,0
CUST0309,,Male,North,Graduate,Unemployed,129949.46,226895.18,Other,621.2,1,6,28.51,2023-04-20,1
CUST0310,41.0,Male,South,Graduate,Salaried,54839.57,454527.58,Other,562.4,1,6,22.61,2016-02-11,0
CUST0311,50.0,Male,South,Graduate,Salaried,49414.57,199319.46,Other,595.0,1,63,40.11,2023-07-22,0
CUST0312,53.0,Male,West,Secondary,Salaried,35867.73,86630.01,Home,557.8,2,20,20.18,2017-05-01,0
CUST0313,48.0,Male,East,Secondary,Unemployed,33646.51,252338.39,Other,575.1,0,21,64.39,2022-01-06,0
CUST0314,53.0,Female,East,Graduate,Salaried,43771.21,215615.52,Business,535.3,0,2,14.33,2017-05-14,0
CUST0315,25.0,Female,North,Secondary,Salaried,64510.77,687640.34,Home,606.7,1,90,22.13,2017-12-19,0
CUST0316,39.0,Male,South,Post-Graduate,Self-Employed,318684.06,194420.3,Home,552.0,1,95,76.6,2022-05-29,1
CUST0317,24.0,Female,South,Secondary,Self-Employed,72003.66,108030.35,Home,506.7,1,90,26.64,2015-11-29,0
CUST0318,55.0,Male,North,Secondary,Salaried,109825.72,279134.45,Home,647.5,1,56,17.16,2016-10-05,0
CUST0319,37.0,Male,North,Primary,Salaried,125528.59,148839.73,Education,650.2,3,96,36.95,2017-09-09,0
CUST0320,64.0,Female,East,Graduate,Salaried,106792.09,172159.33,Other,688.9,2,10,26.11,2016-12-12,0
CUST0321,48.0,Other,North,Graduate,Salaried,94233.77,84971.13,Car,518.0,2,87,21.8,2021-03-10,0
CUST0322,50.0,Other,South,Secondary,Salaried,48186.0,149387.01,Education,561.5,0,70,19.15,2015-11-04,0
CUST0323,49.0,Male,North,Primary,,235756.91,166302.43,Other,618.4,0,23,132.18,2016-10-03,0
CUST0324,26.0,Female,North,Graduate,Salaried,291944.21,148769.87,Car,559.8,2,92,29.2,2015-01-11,0
CUST0325,55.0,Male,North,Secondary,Salaried,35968.71,107621.84,Other,645.7,0,113,12.64,2019-08-01,1
CUST0326,61.0,Male,West,Graduate,Self-Employed,53400.9,199139.41,Education,639.8,2,30,69.89,2020-01-20,0
CUST0327,57.0,,West,Graduate,Unemployed,83459.25,85269.26,Education,638.3,3,78,44.95,2022-09-24,0
CUST0328,44.0,Female,West,Secondary,Self-Employed,55341.44,72308.99,Car,716.8,3,37,22.57,2021-08-29,0
CUST0329,49.0,Female,South,Secondary,Salaried,133730.16,267446.63,Education,651.5,1,55,20.77,2020-04-08,0
CUST0330,51.0,Male,North,Post-Graduate,Salaried,63769.91,250803.52,Home,612.3,2,96,46.37,2018-04-07,1
CUST0331,55.0,Male,South,Graduate,Unemployed,361867.59,65164.94,Business,584.5,1,49,29.27,2015-05-14,1
CUST0332,53.0,Male,South,Graduate,Salaried,201658.14,45220.76,Car,590.1,3,34,12.64,2017-08-06,0
CUST0333,41.0,Male,West,Secondary,Salaried,112144.6,80328.57,Other,514.9,2,105,80.93,2018-03-26,0
CUST0334,52.0,Female,North,Graduate,Self-Employed,182808.01,148775.05,Car,458.7,1,44,26.66,2022-12-05,1
CUST0335,43.0,Male,South,Primary,Self-Employed,191671.88,365143.13,Home,637.1,2,115,69.95,2018-03-04,0
CUST0336,53.0,Female,North,Graduate,Self-Employed,70377.68,146250.88,Business,697.9,0,22,62.75,2022-11-19,0
CUST0337,23.0,Female,South,Post-Graduate,Salaried,60492.2,94982.44,Home,573.6,1,31,20.08,2020-02-03,0
CUST0338,38.0,Male,East,Secondary,Salaried,103454.36,180594.66,Business,727.0,0,7,55.51,2015-10-19,0
CUST0339,45.0,Female,South,Primary,Unemployed,165542.24,150269.96,Other,585.9,0,105,23.91,2022-09-16,0
CUST0340,62.0,Male,South,Primary,Salaried,,61901.2,Business,443.7,2,21,13.02,2017-08-14,1
CUST0341,51.0,Female,South,Secondary,Self-Employed,38322.87,62159.32,Home,673.5,3,16,26.78,2017-12-19,0
CUST0342,23.0,Other,South,Secondary,,60980.25,63339.33,Education,561.7,2,20,40.4,2023-11-01,1
CUST0343,60.0,Male,East,Primary,Self-Employed,94430.21,923472.29,Business,680.7,2,43,26.28,2023-11-15,0
CUST0344,44.0,Male,West,Graduate,Salaried,94334.35,297148.42,Business,497.8,0,44,28.4,2022-01-04,1
CUST0345,52.0,Male,West,Graduate,Salaried,322392.59,107408.95,Home,633.0,1,47,58.66,2021-08-12,0
CUST0346,42.0,Other,East,Secondary,Self-Employed,42976.44,353552.33,Education,536.0,0,114,34.93,2022-06-01,1
CUST0347,43.0,Female,South,Post-Graduate,Unemployed,133699.97,109355.64,Education,616.1,1,19,21.72,2017-03-21,0
CUST0348,22.0,Female,East,Secondary,Unemployed,,345457.97,Home,661.3,3,48,47.04,2019-10-08,0
CUST0349,47.0,Male,South,Post-Graduate,Salaried,385721.1,172166.02,Car,642.8,1,96,36.56,2016-04-15,0
CUST0350,62.0,Male,North,Secondary,Salaried,,102621.64,Car,605.5,0,79,9.39,2021-02-08,0
CUST0351,22.0,Female,West,Post-Graduate,Unemployed,132568.88,261940.92,Business,489.7,1,69,41.02,2017-07-09,1
CUST0352,46.0,Male,North,Graduate,Self-Employed,138948.16,179201.06,Other,658.4,0,11,40.28,2022-04-06,1
CUST0353,37.0,Male,West,Post-Graduate,Unemployed,111000.4,215084.76,Education,682.5,0,79,33.45,2016-09-02,0
CUST0354,60.0,Other,South,Post-Graduate,Salaried,93031.45,189255.82,Car,516.6,1,29,51.72,2017-12-24,0
CUST0355,53.0,Male,East,Secondary,Self-Employed,128230.57,187870.91,Car,528.3,0,114,23.66,2016-08-05,0
CUST0356,29.0,Other,East,Post-Graduate,Self-Employed,21604.4,285040.83,Other,685.9,2,45,39.18,2015-10-20,1
CUST0357,63.0,Female,West,Secondary,Self-Employed,148633.93,993177.62,Other,583.3,0,68,15.13,2015-09-02,0
CUST0358,,Male,East,Secondary,Salaried,106479.39,390098.41,Other,900.0,4,113,40.59,2016-11-10,0
CUST0359,,Male,East,Secondary,Salaried,,189804.83,Business,621.8,1,36,87.93,2023-11-21,0
CUST0360,62.0,Female,North,Graduate,Self-Employed,337094.07,130950.56,Car,548.9,3,48,20.14,2018-06-13,0
CUST0361,46.0,Male,South,Secondary,Salaried,65843.74,141419.45,Business,612.9,0,87,22.65,2021-09-03,0
CUST0362,55.0,Male,North,Graduate,Salaried,77509.39,67555.82,Car,566.9,3,15,23.22,2023-05-26,0
CUST0363,45.0,Male,East,Graduate,Unemployed,326091.07,259154.71,Car,573.8,1,110,35.34,2021-05-20,0
CUST0364,44.0,Female,South,Graduate,Salaried,59919.86,79981.78,Business,688.8,2,44,19.46,2018-03-28,0
CUST0365,33.0,Male,East,Post-Graduate,Self-Employed,70964.2,125402.27,Home,402.5,3,67,40.88,2019-12-04,0
CUST0366,27.0,Female,North,Graduate,Salaried,90380.58,260209.95,Home,644.4,2,96,50.57,2016-05-24,0
CUST0367,56.0,Female,North,Secondary,Self-Employed,163479.14,137843.23,Car,675.6,0,74,43.26,2020-04-03,0
CUST0368,40.0,Male,East,Secondary,Unemployed,111824.0,115312.19,Car,550.2,1,40,13.68,2022-09-21,0
CUST0369,21.0,Female,North,Secondary,Salaried,45452.58,70386.98,Other,675.0,2,102,54.47,2018-05-30,0
CUST0370,28.0,Male,North,Primary,Salaried,71732.48,378408.17,Home,523.3,2,86,52.91,2022-11-06,0
CUST0371,36.0,Male,North,Secondary,Salaried,68568.42,90829.98,Home,547.2,1,14,50.15,2019-07-07,0
CUST0372,,Male,West,Secondary,Salaried,94246.35,108000.04,Home,538.0,0,63,39.9,2018-01-20,0
CUST0373,,Female,East,Post-Graduate,Self-Employed,,46434.1,Home,676.1,2,81,36.97,2020-08-11,0
CUST0374,43.0,Female,South,Graduate,Unemployed,126870.66,160507.71,Home,460.4,3,85,55.49,2021-01-20,1
CUST0375,35.0,Male,North,Secondary,Salaried,34009.42,128887.29,Business,731.2,5,51,86.64,2020-07-15,0
CUST0376,48.0,Female,South,Graduate,Salaried,186906.65,184850.11,Car,575.6,1,112,20.56,2019-11-29,0
CUST0377,54.0,Male,East,Secondary,Salaried,114868.27,71521.82,Business,649.2,1,79,56.77,2015-11-26,1
CUST0378,22.0,Female,East,Graduate,Self-Employed,226549.61,272100.44,Other,642.3,1,58,31.72,2021-09-15,0
CUST0379,52.0,Female,North,Graduate,Salaried,128864.79,44916.15,Business,950.0,1,15,31.04,2015-06-13,0
CUST0380,43.0,Male,North,Graduate,Self-Employed,191146.18,152584.79,Home,551.9,4,65,15.36,2019-11-05,0
CUST0381,42.0,Female,North,Graduate,Self-Employed,130604.27,176458.64,Home,699.4,1,88,28.72,2023-03-28,0
CUST0382,45.0,Male,East,Post-Graduate,,221402.03,169471.8,Other,558.8,3,55,20.11,2018-08-13,0
CUST0383,42.0,Male,East,Post-Graduate,Salaried,135043.25,181757.45,Education,541.5,0,119,26.26,2021-10-08,0
CUST0384,42.0,,North,Graduate,Self-Employed,93083.37,282679.83,Business,,1,76,19.12,2017-10-22,1
CUST0385,62.0,Male,North,Graduate,Salaried,385949.12,411386.77,Other,611.7,1,10,26.46,2015-04-16,0
CUST0386,26.0,Other,North,Graduate,Salaried,168286.35,145958.04,Other,708.6,1,110,27.03,2016-01-10,0
CUST0387,35.0,Female,West,Secondary,Unemployed,139280.71,82661.58,Other,595.0,1,106,34.76,2017-07-26,0
CUST0388,63.0,Female,North,Secondary,Self-Employed,45899.86,240987.92,Education,547.9,3,42,14.77,2022-07-24,0
CUST0389,57.0,Male,East,Primary,Salaried,45570.48,133764.01,Car,622.0,0,116,16.07,2021-06-14,0
CUST0390,53.0,Male,East,Graduate,Salaried,117668.81,394444.53,Other,564.2,3,95,39.68,2021-08-01,0
CUST0391,,Female,South,Graduate,Salaried,107722.39,640742.44,Education,550.2,2,11,22.23,2015-03-26,0
CUST0392,64.0,Male,North,Secondary,Salaried,68290.54,89267.47,Home,666.6,1,118,56.67,2023-07-30,0
CUST0393,,Female,North,Post-Graduate,Salaried,107429.45,179989.83,Education,746.5,3,16,37.06,2022-07-16,1
CUST0394,25.0,Female,East,Post-Graduate,Salaried,256062.33,48132.24,Education,580.3,1,73,44.85,2018-01-08,0
CUST0395,59.0,Female,East,Graduate,Salaried,,117336.35,Other,522.0,2,111,67.04,2021-06-18,0
CUST0396,24.0,Other,East,Graduate,Self-Employed,49781.31,129199.32,Business,587.7,1,78,28.36,2015-06-14,0
CUST0397,26.0,Male,South,Post-Graduate,Self-Employed,92327.26,189914.76,Car,641.2,0,19,24.85,2023-07-23,0
CUST0398,52.0,Female,North,Secondary,,60901.93,81032.82,Other,620.6,1,31,51.21,2023-06-25,1
CUST0399,50.0,Female,West,Graduate,Salaried,78227.78,87934.69,Business,695.5,1,73,42.72,2016-12-18,0
CUST0400,55.0,Male,East,Secondary,Unemployed,77020.79,365799.11,Education,653.2,0,100,30.15,2020-04-11,1
CUST0401,60.0,Other,North,Graduate,Self-Employed,74117.92,161228.35,Car,,1,53,66.4,2020-10-26,0
CUST0402,36.0,Male,West,Secondary,Self-Employed,46486.57,298118.41,Car,560.5,1,103,29.78,2022-04-22,0
CUST0403,33.0,,East,Post-Graduate,Self-Employed,91437.16,111385.1,Business,489.5,3,118,33.66,2019-12-17,0
CUST0404,,Female,East,Post-Graduate,Unemployed,70518.86,156668.02,Home,691.6,1,90,33.47,2018-02-13,0
CUST0405,50.0,Male,East,Secondary,Salaried,17023.17,189127.01,Car,440.6,1,8,20.75,2017-01-13,1
CUST0406,39.0,Male,West,Graduate,Salaried,338332.09,553096.87,Business,497.3,1,24,34.43,2021-07-25,1
CUST0407,37.0,Male,East,Post-Graduate,Self-Employed,189711.88,139757.95,Education,559.1,1,8,66.58,2019-11-21,0
CUST0408,39.0,Male,North,Graduate,Self-Employed,78764.65,144872.85,Car,645.1,1,83,41.37,2022-02-13,0
CUST0409,48.0,Male,South,Post-Graduate,Self-Employed,99836.73,351058.14,Home,558.3,3,111,33.63,2020-07-07,0
CUST0410,,Other,West,Graduate,Salaried,48874.32,124758.11,Car,570.8,3,48,30.54,2016-01-09,0
CUST0411,57.0,Other,North,Secondary,Salaried,273056.42,198638.22,Business,572.4,1,30,39.07,2020-04-09,0
CUST0412,46.0,Female,South,Secondary,Salaried,308159.63,330271.87,Car,613.8,2,58,48.18,2018-11-26,0
CUST0413,43.0,Male,South,Secondary,Unemployed,108446.93,108761.28,Home,502.4,2,86,44.91,2019-07-31,0
CUST0414,29.0,Male,South,Graduate,,182429.37,206555.35,Business,524.2,5,55,28.05,2018-09-27,0
CUST0415,32.0,Female,East,Secondary,Salaried,109663.52,552321.45,Other,734.5,2,73,38.95,2018-08-08,0
CUST0416,21.0,Male,West,Graduate,Salaried,44265.67,310184.52,Education,632.2,2,62,42.1,2022-07-07,1
CUST0417,21.0,Other,North,Graduate,Salaried,77103.66,198680.47,Home,660.9,2,108,20.01,2016-03-04,0
CUST0418,54.0,Female,North,Graduate,Unemployed,854779.07,139103.71,Car,604.6,2,48,36.02,2016-10-20,1
CUST0419,52.0,Male,North,Post-Graduate,Self-Employed,75152.25,106614.76,Other,588.8,4,4,11.24,2018-09-12,0
CUST0420,45.0,Female,West,Post-Graduate,Self-Employed,86578.61,81492.79,Home,636.6,1,37,42.15,2019-08-14,0
CUST0421,60.0,Male,East,Graduate,Salaried,93447.99,468240.24,Education,658.2,1,8,46.07,2022-10-12,0
CUST0422,21.0,Male,North,Post-Graduate,Self-Employed,94039.76,408738.04,Car,667.7,0,1,48.12,2020-07-22,0
CUST0423,36.0,Female,West,Graduate,Salaried,101860.05,102746.48,Home,589.9,6,92,27.18,2018-03-26,1
CUST0424,59.0,Female,West,Graduate,Self-Employed,52241.73,206154.44,Business,676.4,0,70,38.65,2022-06-06,0
CUST0425,25.0,Female,West,Post-Graduate,Salaried,64202.04,175945.32,Business,402.7,3,47,67.49,2019-06-29,1
CUST0426,42.0,Male,West,Secondary,Salaried,45672.4,372909.42,Business,,1,100,67.15,2023-07-13,0
CUST0427,,Male,North,Secondary,Self-Employed,177493.51,212768.68,Home,565.8,1,117,32.64,2021-03-03,0
CUST0428,,Male,East,Post-Graduate,Unemployed,27906.41,160175.74,Home,644.3,0,75,35.5,2015-05-31,0
CUST0429,32.0,Male,South,Graduate,Salaried,197235.59,111393.03,Education,150.0,1,5,57.71,2020-02-06,0
CUST0430,,Female,West,Post-Graduate,Self-Employed,226796.78,206613.98,Education,493.9,1,50,15.64,2015-12-27,0
CUST0431,36.0,Female,East,Post-Graduate,Salaried,82346.53,127551.08,Home,627.2,1,24,28.18,2018-07-12,0
CUST0432,57.0,Female,East,Primary,Salaried,20704.74,189943.03,Home,479.9,2,47,64.57,2017-10-30,0
CUST0433,42.0,Male,East,Post-Graduate,Salaried,79476.26,925953.89,Home,568.0,3,18,53.93,2018-08-17,0
CUST0434,49.0,Female,North,Graduate,Salaried,94986.45,125398.97,Other,535.0,0,84,39.83,2016-04-19,0
CUST0435,34.0,Male,South,Graduate,Salaried,,82378.64,Business,586.0,2,28,15.6,2023-08-31,0
CUST0436,48.0,Female,West,Graduate,Salaried,,233266.46,Other,663.8,2,77,32.3,2019-07-14,0
CUST0437,25.0,Male,West,Post-Graduate,Salaried,247240.57,167677.75,Home,560.8,2,5,24.66,2020-10-08,0
CUST0438,50.0,Male,North,Primary,Unemployed,147113.0,568749.06,Other,625.2,1,30,39.08,2015-01-05,0
CUST0439,25.0,Female,North,Graduate,Salaried,56684.81,79012.28,Home,659.1,1,1,22.09,2022-05-17,0
CUST0440,32.0,Male,North,Graduate,Self-Employed,37852.05,252132.18,Education,551.4,0,86,19.83,2021-01-31,0
CUST0441,36.0,Male,East,Graduate,Salaried,81128.5,153606.2,Business,552.6,3,82,11.79,2020-03-07,0
CUST0442,46.0,Male,West,Graduate,Self-Employed,86848.97,707739.15,Car,709.5,1,46,61.0,2019-08-20,1
CUST0443,46.0,Female,North,Secondary,,132948.82,239014.7,Car,593.6,1,69,27.12,2015-08-11,1
CUST0444,41.0,Other,South,Secondary,Salaried,71597.11,204287.18,Home,640.7,4,31,35.82,2017-02-07,1
CUST0445,59.0,Female,West,Secondary,Salaried,134174.94,153879.99,Home,640.1,2,70,33.08,2020-10-24,0
CUST0446,56.0,Male,East,Post-Graduate,Salaried,315240.91,99490.28,Education,504.2,6,91,19.42,2019-01-21,0
CUST0447,53.0,,South,Secondary,,161022.7,202394.68,Business,539.1,1,56,17.65,2021-12-25,0
CUST0448,50.0,Female,East,Secondary,Self-Employed,95908.21,61845.1,Business,630.0,1,89,20.03,2023-06-26,0
CUST0449,57.0,Female,South,Post-Graduate,Unemployed,88442.66,63869.75,Education,,2,93,23.07,2020-08-03,1
CUST0450,43.0,Female,North,Primary,Self-Employed,637581.67,330614.03,Education,583.1,2,28,39.78,2022-01-05,0
CUST0451,30.0,Female,East,Post-Graduate,Self-Employed,200462.92,47406.43,Home,530.8,1,16,22.25,2019-12-16,0
CUST0452,25.0,Male,East,Graduate,Salaried,67752.18,130131.21,Home,688.8,2,54,79.3,2023-07-10,0
CUST0453,56.0,Male,West,Post-Graduate,Salaried,101430.96,78089.54,Other,627.7,3,53,55.34,2015-07-31,0
CUST0454,54.0,Male,East,Secondary,Salaried,101795.25,122794.87,Home,695.3,2,12,49.61,2017-04-13,0
CUST0455,,Male,East,Primary,Salaried,73052.2,185198.17,Business,596.9,0,20,31.19,2017-12-29,0
CUST0456,,Female,North,Graduate,Salaried,43326.54,324223.61,Home,590.9,1,82,70.61,2021-02-27,1
CUST0457,39.0,Male,South,Post-Graduate,,119824.65,381682.17,Business,575.6,1,34,29.7,2016-06-20,1
CUST0458,52.0,Male,North,Graduate,Salaried,,85539.43,Business,559.8,1,119,32.6,2018-03-25,0
CUST0459,21.0,Male,North,Secondary,Salaried,133271.58,117456.89,Home,814.8,0,53,36.05,2019-11-30,0
CUST0460,25.0,Male,East,Graduate,Self-Employed,71670.88,2776731.53,Car,664.6,1,64,47.04,2022-10-31,0
CUST0461,24.0,Male,West,Graduate,Self-Employed,205354.45,136624.25,Business,514.7,2,23,45.53,2020-06-08,0
CUST0462,36.0,Female,North,Graduate,Salaried,58333.73,87768.02,Car,811.1,1,109,26.11,2016-05-12,1
CUST0463,44.0,Female,South,Graduate,Unemployed,275742.89,98611.14,Home,567.6,1,27,25.37,2015-04-29,0
CUST0464,36.0,Male,West,Post-Graduate,Unemployed,34593.4,137187.25,Business,625.7,1,113,45.6,2022-01-24,1
CUST0465,22.0,Female,North,Graduate,Salaried,128137.87,123634.37,Home,,2,17,47.35,2021-10-29,0
CUST0466,48.0,Male,East,Primary,Salaried,131302.41,138128.67,Other,,0,48,27.2,2023-12-18,0
CUST0467,52.0,Male,East,Graduate,Salaried,61246.73,160331.91,Education,533.8,0,21,14.98,2017-09-07,0
CUST0468,47.0,Other,East,Primary,Unemployed,127342.6,159550.3,Home,731.9,0,50,29.85,2022-12-17,0
CUST0469,40.0,Male,North,Graduate,Unemployed,212715.57,83379.64,Business,582.0,2,40,45.23,2016-10-10,1
CUST0470,44.0,Male,South,Graduate,Salaried,26105.69,210771.89,Education,679.9,1,95,81.67,2018-06-26,0
CUST0471,32.0,Male,East,Primary,Salaried,133471.98,177146.59,Car,563.7,2,3,18.19,2021-03-06,0
CUST0472,55.0,Female,East,Secondary,Self-Employed,22115.58,230408.06,Car,592.4,0,17,26.75,2015-02-26,1
CUST0473,53.0,Female,North,Secondary,Salaried,55304.03,49015.02,Car,742.8,1,61,27.26,2021-03-12,0
CUST0474,53.0,Female,East,Post-Graduate,Salaried,262367.07,181641.63,Car,150.0,2,50,65.23,2019-07-30,1
CUST0475,63.0,Female,North,Post-Graduate,Unemployed,69628.61,40541.55,Home,572.4,3,90,32.54,2016-01-17,0
CUST0476,57.0,Female,East,Primary,Self-Employed,48809.1,143932.59,Car,545.3,3,87,21.04,2017-07-09,0
CUST0477,,Male,North,Post-Graduate,Self-Employed,87661.44,257958.86,Car,552.6,2,6,43.79,2016-04-09,0
CUST0478,23.0,Female,West,Graduate,Unemployed,341377.37,338420.81,Business,699.3,0,28,27.05,2020-03-05,1
CUST0479,21.0,,South,Secondary,Self-Employed,32892.19,205689.3,Business,661.2,1,72,17.95,2016-04-26,0
CUST0480,53.0,Male,South,Primary,Salaried,52533.91,261129.97,Education,508.1,3,55,21.19,2022-04-07,0
CUST0481,60.0,Male,North,Graduate,Self-Employed,242427.75,132018.39,Business,607.0,2,58,78.81,2016-09-22,0
CUST0482,30.0,Other,South,Graduate,Salaried,300926.52,113957.69,Business,594.7,0,45,40.13,2020-08-03,0
CUST0483,63.0,Male,West,Graduate,Self-Employed,92775.81,1071886.47,Education,625.3,2,72,34.95,2023-01-14,0
CUST0484,,Male,West,Primary,Salaried,46937.32,290399.32,Education,551.7,4,19,29.23,2018-04-10,1
CUST0485,,Female,South,Primary,Self-Employed,347147.87,71604.36,Car,687.8,3,102,38.32,2020-09-15,0
CUST0486,33.0,,South,Graduate,Salaried,256957.36,48326.5,Other,599.9,1,29,38.1,2022-11-29,0
CUST0487,32.0,Female,East,Secondary,Salaried,148355.72,117530.29,Home,629.9,3,23,38.32,2018-01-24,0
CUST0488,51.0,Male,West,Secondary,Salaried,60630.82,374860.02,Car,537.2,0,111,35.07,2019-08-29,0
CUST0489,22.0,Female,East,Secondary,Salaried,95854.09,168403.37,Business,541.3,3,32,51.13,2020-05-30,0
CUST0490,55.0,Male,South,Post-Graduate,Self-Employed,,34309.79,Home,812.6,1,10,33.5,2020-04-18,0
CUST0491,43.0,Female,South,Post-Graduate,Self-Employed,,143759.15,Home,744.0,1,91,20.31,2017-09-25,0
CUST0492,37.0,Male,East,Graduate,Salaried,235767.37,162481.42,Education,594.4,4,49,24.38,2020-02-14,0
CUST0493,46.0,Female,North,Post-Graduate,Salaried,167317.79,30002.41,Education,722.6,2,65,12.31,2021-03-07,0
CUST0494,28.0,Male,East,Secondary,Salaried,51718.68,165531.42,Business,697.0,5,103,91.23,2016-08-15,1
CUST0495,49.0,Male,South,Graduate,Salaried,225459.96,80068.87,Business,550.0,3,29,50.98,2019-04-21,0
CUST0496,,Female,East,Secondary,Salaried,119119.12,45031.5,Home,542.0,2,59,21.87,2017-02-19,0
CUST0497,30.0,Male,North,Graduate,Unemployed,149080.17,500396.12,Home,653.5,0,45,28.76,2021-09-21,1
CUST0498,46.0,Female,East,Post-Graduate,Salaried,237975.86,77627.61,Business,620.8,2,67,24.08,2020-09-12,0
CUST0499,54.0,Male,South,Graduate,Salaried,,102017.61,Car,567.8,2,51,71.61,2023-05-15,0
CUST0500,61.0,Male,East,Secondary,,96616.48,101072.36,Education,657.7,1,111,16.28,2016-07-13,0
CUST0501,,Male,North,Graduate,Salaried,71763.21,163010.05,Home,484.6,3,101,35.07,2015-10-13,1
CUST0502,24.0,Male,East,Secondary,Salaried,38533.54,560406.35,Education,609.2,1,95,31.37,2018-02-05,1
CUST0503,31.0,Female,East,Post-Graduate,Self-Employed,121543.32,70450.75,Education,,0,11,50.07,2023-08-31,0
CUST0504,49.0,Female,East,Graduate,Salaried,445491.72,131299.67,Education,503.5,3,86,31.44,2023-11-10,0
CUST0505,56.0,,East,Graduate,Salaried,32726.92,177123.64,Education,543.5,4,82,13.75,2019-08-27,0
CUST0506,45.0,Female,East,Graduate,Salaried,96822.2,88596.34,Education,629.1,1,99,29.21,2018-10-24,0
CUST0507,41.0,Male,West,Graduate,Salaried,144976.33,129829.78,Car,546.0,1,6,20.37,2023-11-01,0
CUST0508,56.0,Female,North,Primary,Salaried,106281.54,246754.67,Home,502.6,3,67,34.46,2020-09-10,0
CUST0509,30.0,Female,West,Graduate,Unemployed,92237.6,95894.75,Home,638.2,0,62,67.84,2017-12-30,0
CUST0510,57.0,,South,Secondary,Self-Employed,45273.18,128405.72,Car,719.4,1,5,13.88,2015-01-11,1
CUST0511,29.0,,North,Graduate,Self-Employed,113512.93,120337.1,Car,651.1,5,9,22.2,2018-03-04,0
CUST0512,44.0,Male,North,Post-Graduate,Salaried,62689.02,151347.73,Education,,0,28,25.12,2023-02-21,0
CUST0513,55.0,Male,South,Post-Graduate,Salaried,26530.41,192953.83,Car,712.7,2,83,27.36,2018-05-07,0
CUST0514,55.0,Male,East,Graduate,Salaried,202147.99,245387.17,Business,561.0,0,92,47.95,2021-08-01,0
CUST0515,56.0,,East,Graduate,Self-Employed,175436.33,631774.63,Other,650.6,1,91,30.36,2021-07-03,0
CUST0516,38.0,Female,East,Secondary,Self-Employed,101823.54,25312.83,Car,592.7,4,77,40.77,2022-05-27,1
CUST0517,59.0,,South,Graduate,Salaried,113260.39,144759.07,Home,685.0,4,38,24.22,2020-06-28,0
CUST0518,52.0,Male,South,Secondary,Salaried,,62623.43,Home,592.7,0,43,37.15,2016-08-31,0
CUST0519,44.0,Male,North,Graduate,Salaried,112939.08,124273.62,Education,536.9,7,117,48.86,2020-01-04,0
CUST0520,43.0,Female,South,Secondary,Unemployed,169805.77,301524.67,Car,709.9,2,21,22.96,2021-01-15,1
CUST0521,52.0,Male,South,Secondary,Self-Employed,82579.0,376417.72,Home,625.4,2,91,48.94,2020-06-06,0
CUST0522,,Female,North,Graduate,Salaried,216899.68,388986.61,Business,546.9,1,62,33.99,2018-11-14,0
CUST0523,32.0,Female,North,Primary,Salaried,119667.39,386429.51,Home,560.1,3,46,55.85,2018-09-23,0
CUST0524,33.0,Male,East,Graduate,Self-Employed,887241.69,144097.5,Education,546.4,0,70,29.94,2021-03-10,0
CUST0525,,Female,East,Secondary,Salaried,368576.99,433207.1,Education,519.9,1,38,40.07,2023-07-22,0
CUST0526,45.0,Male,West,Primary,Salaried,117262.88,497720.95,Business,561.8,0,49,32.45,2021-02-03,0
CUST0527,55.0,Female,West,Graduate,Salaried,,179361.81,Home,629.8,1,75,31.56,2019-03-26,0
CUST0528,61.0,Other,East,Primary,Self-Employed,67307.73,371040.17,Other,605.1,0,111,37.69,2020-02-09,0
CUST0529,50.0,Other,South,Secondary,Salaried,60522.75,167521.32,Business,564.9,0,105,43.31,2018-08-11,0
CUST0530,37.0,Other,East,Graduate,Salaried,52065.56,436770.32,Home,719.6,0,117,17.73,2017-02-11,0
CUST0531,40.0,Female,East,Primary,,353225.82,145340.67,Home,439.1,3,81,67.82,2022-10-27,0
CUST0532,45.0,Male,North,Post-Graduate,Salaried,219433.27,106227.22,Car,624.5,1,39,13.07,2017-09-05,0
CUST0533,42.0,Male,South,Primary,Salaried,312456.49,74310.39,Business,588.6,2,71,23.51,2021-05-31,1
CUST0534,33.0,Male,West,Secondary,Salaried,47394.57,144128.38,Business,522.4,1,30,31.59,2019-04-18,0
CUST0535,39.0,Female,South,Graduate,Salaried,103027.61,172658.64,Education,200.0,1,21,40.7,2017-08-14,0
CUST0536,56.0,Female,East,Secondary,Self-Employed,45428.52,83943.83,Other,582.4,1,1,72.83,2023-09-12,0
CUST0537,,Female,East,Secondary,Salaried,65028.64,136615.28,Home,699.8,1,89,13.08,2019-08-10,0
CUST0538,61.0,Male,North,Secondary,Salaried,56904.16,112579.56,Home,669.4,1,32,25.69,2015-06-28,0
CUST0539,,,South,Secondary,Self-Employed,207679.31,76581.98,Other,900.0,5,8,11.43,2018-07-27,0
CUST0540,32.0,Other,South,Post-Graduate,Self-Employed,77828.44,2016509.76,Business,561.3,0,69,33.64,2023-05-09,1
CUST0541,29.0,Male,North,Secondary,Self-Employed,187405.05,2280925.85,Education,711.7,1,30,37.93,2020-04-21,0
CUST0542,27.0,Male,North,Graduate,Salaried,141842.5,335039.22,Business,506.7,1,115,73.36,2022-11-28,0
CUST0543,48.0,Male,West,Post-Graduate,Salaried,393243.09,153444.0,Other,591.1,2,8,35.17,2019-04-11,0
CUST0544,34.0,Male,North,Graduate,Self-Employed,40632.9,160224.63,Business,562.8,1,113,55.81,2019-05-01,0
CUST0545,51.0,Female,South,Post-Graduate,Salaried,210142.25,77325.47,Business,648.2,1,19,44.34,2022-06-11,0
CUST0546,39.0,Female,North,Secondary,Self-Employed,196391.33,217562.84,Business,646.3,3,108,26.64,2023-11-20,0
CUST0547,36.0,Male,West,Post-Graduate,Self-Employed,55048.65,183274.85,Home,528.0,1,59,16.37,2022-04-24,0
CUST0548,25.0,Female,North,Primary,Self-Employed,180643.36,1191547.19,Business,652.7,0,55,38.0,2016-09-15,0
CUST0549,55.0,Other,South,Graduate,Salaried,120775.29,348353.01,Home,569.6,1,30,15.7,2020-07-21,0
CUST0550,32.0,Female,West,Graduate,Salaried,86121.49,202941.18,Other,534.7,1,79,63.28,2015-06-01,0
CUST0551,45.0,Female,West,Secondary,Self-Employed,60212.71,158082.68,Education,599.1,3,36,30.54,2016-06-01,0
CUST0552,41.0,Male,North,Graduate,Salaried,64121.46,328047.79,Business,481.9,1,55,60.19,2020-08-19,1
CUST0553,56.0,Female,West,Graduate,Salaried,337691.24,85732.13,Education,674.5,2,44,26.05,2021-08-14,0
CUST0554,43.0,Male,South,Primary,Unemployed,98756.22,361402.1,Home,595.6,2,27,37.88,2018-09-21,0
CUST0555,36.0,,South,Secondary,Unemployed,157830.67,76038.84,Car,,0,77,36.77,2016-02-16,0
CUST0556,59.0,Male,North,Graduate,Salaried,61418.13,109856.84,Other,593.0,2,78,32.38,2019-12-09,0
CUST0557,62.0,Male,North,Graduate,Salaried,61826.55,44948.58,Other,731.7,0,101,26.67,2016-02-13,1
CUST0558,59.0,Female,East,Post-Graduate,Salaried,188941.15,250159.34,Car,721.5,0,54,40.3,2020-11-24,1
CUST0559,34.0,Female,South,Graduate,Self-Employed,43925.67,193871.4,Other,708.1,1,48,20.84,2020-02-15,0
CUST0560,51.0,,South,Post-Graduate,Unemployed,76946.97,109859.98,Business,593.2,2,30,18.09,2015-03-04,1
CUST0561,25.0,,East,Graduate,Salaried,100751.91,84931.71,Education,510.8,3,39,61.65,2023-02-07,0
CUST0562,55.0,Male,East,Secondary,Salaried,105537.7,427241.86,Home,598.7,2,111,47.64,2016-08-13,0
CUST0563,43.0,Male,North,Secondary,Unemployed,88658.22,148223.6,Other,625.2,1,13,34.22,2019-08-07,0
CUST0564,49.0,Male,East,Graduate,Salaried,125177.98,95119.88,Education,665.0,1,16,76.14,2022-05-05,0
CUST0565,63.0,,North,Graduate,Salaried,149598.97,624903.85,Other,624.9,2,44,28.97,2016-09-24,0
CUST0566,31.0,Female,East,Primary,,153396.68,102750.19,Business,517.9,0,71,64.16,2015-11-03,0
CUST0567,38.0,Male,East,Secondary,Salaried,54639.79,361143.96,Business,557.2,2,112,36.15,2020-04-07,0
CUST0568,32.0,,West,Post-Graduate,Self-Employed,83241.97,72715.26,Business,549.9,3,119,19.84,2023-10-07,0
CUST0569,29.0,Male,North,Graduate,Salaried,202168.69,126948.61,Car,643.1,2,119,83.43,2017-12-21,0
CUST0570,30.0,Male,North,Graduate,Salaried,168853.76,231330.77,Car,645.1,2,27,54.35,2018-10-18,0
CUST0571,64.0,Male,North,Graduate,Self-Employed,43316.3,156297.13,Car,655.6,0,45,31.17,2021-12-27,0
CUST0572,37.0,Male,North,Secondary,Salaried,121891.67,193036.41,Home,624.1,0,119,47.64,2022-10-08,0
CUST0573,58.0,Female,North,Secondary,Unemployed,30123.62,111615.54,Education,435.3,2,35,27.06,2019-06-17,0
CUST0574,27.0,Male,West,Secondary,Self-Employed,101535.21,53185.59,Business,461.9,0,79,50.13,2022-04-15,1
CUST0575,33.0,Female,North,Primary,Salaried,2465984.68,454023.15,Other,588.8,5,28,10.02,2015-11-25,1
CUST0576,60.0,Female,North,Graduate,Salaried,55896.91,116485.27,Home,607.8,0,99,19.89,2018-09-07,0
CUST0577,62.0,Male,East,Graduate,Salaried,59838.6,199248.63,Education,700.3,0,7,54.03,2022-07-25,0
CUST0578,29.0,Other,South,Post-Graduate,Salaried,156125.88,266031.56,Home,606.2,2,62,29.23,2020-12-25,0
CUST0579,47.0,Female,East,Post-Graduate,Salaried,39117.26,202021.77,Home,521.9,2,114,36.74,2019-04-06,1
CUST0580,22.0,Male,North,Secondary,Salaried,67531.33,99110.05,Home,653.0,0,110,16.89,2018-07-21,0
CUST0581,25.0,Male,South,Graduate,Salaried,141190.41,366529.93,Business,598.6,1,114,83.42,2022-01-11,0
CUST0582,49.0,Male,North,Graduate,Self-Employed,67469.34,233182.2,Home,567.8,2,51,60.06,2023-01-22,0
CUST0583,57.0,Male,North,Post-Graduate,Self-Employed,85683.71,187051.93,Business,150.0,2,46,29.95,2023-07-08,0
CUST0584,58.0,Male,West,Secondary,Self-Employed,154278.0,184040.18,Home,606.8,2,20,27.05,2020-06-21,0
CUST0585,39.0,Female,North,Graduate,Salaried,127125.19,528386.68,Other,618.3,1,96,55.41,2021-01-25,0
CUST0586,28.0,Male,South,Graduate,,115854.58,97631.6,Business,520.3,4,38,89.23,2015-05-28,0
CUST0587,21.0,Female,South,Secondary,Self-Employed,80541.4,217657.73,Other,659.5,4,61,53.35,2021-12-04,0
CUST0588,42.0,Female,South,Secondary,Salaried,123258.21,112415.75,Other,652.4,0,104,98.09,2015-10-08,0
CUST0589,37.0,Other,West,Graduate,Salaried,91652.58,41964.78,Other,603.9,1,32,20.88,2017-08-19,0
CUST0590,27.0,Other,North,Graduate,Self-Employed,129921.2,41195.56,Other,600.9,0,26,21.98,2022-01-29,0
CUST0591,45.0,Male,East,Secondary,Self-Employed,73265.18,79997.81,Business,675.7,1,58,18.27,2022-09-04,0
CUST0592,24.0,Other,West,Graduate,Salaried,88473.52,102650.96,Home,629.4,2,39,41.3,2018-03-23,1
CUST0593,56.0,Male,East,Secondary,Salaried,54503.78,744944.37,Car,543.8,3,20,36.15,2017-07-20,0
CUST0594,26.0,Male,West,Graduate,Self-Employed,96663.91,265367.76,Home,584.2,0,82,30.69,2023-05-17,0
CUST0595,51.0,Male,North,Secondary,Self-Employed,60681.82,282614.8,Education,644.5,1,50,49.63,2016-01-06,0
CUST0596,,Male,South,Post-Graduate,Self-Employed,,104197.67,Education,437.4,4,79,61.32,2019-11-13,0
CUST0597,64.0,Male,North,Secondary,Self-Employed,,169893.83,Other,525.5,2,52,15.44,2016-02-08,0
CUST0598,59.0,Male,East,Secondary,Self-Employed,112155.76,817746.03,Other,654.6,2,86,24.57,2023-07-12,0
CUST0599,47.0,Other,West,Primary,Salaried,157901.11,69557.4,Car,696.7,4,115,49.9,2022-02-08,1
CUST0600,30.0,Female,North,Secondary,Salaried,76215.84,223992.35,Education,681.7,1,22,26.21,2022-11-23,0
CUST0601,46.0,Male,East,Graduate,Self-Employed,126100.15,502779.53,Other,671.5,2,53,22.22,2016-02-16,0
CUST0602,39.0,Female,North,Secondary,Self-Employed,137376.22,320026.84,Car,610.4,2,85,55.11,2019-12-23,1
CUST0603,59.0,Male,East,Post-Graduate,Self-Employed,128909.29,574397.95,Business,900.0,3,66,17.38,2016-11-12,0
CUST0604,23.0,Female,South,Primary,Salaried,60150.67,188906.16,Home,584.3,0,104,28.48,2022-10-13,0
CUST0605,33.0,Male,West,Secondary,Salaried,,248306.0,Business,440.5,1,117,39.03,2018-05-11,1
CUST0606,48.0,Female,East,Secondary,Unemployed,122821.11,175754.26,Car,704.1,1,43,24.86,2015-04-29,0
CUST0607,40.0,Female,South,Primary,Self-Employed,99141.86,236414.5,Other,534.6,2,82,48.99,2015-07-08,0
CUST0608,48.0,Male,North,Secondary,Unemployed,28229.23,85764.08,Education,557.3,0,23,24.92,2018-08-21,0
CUST0609,28.0,Male,North,Graduate,Self-Employed,,283408.3,Home,684.7,2,77,66.97,2023-12-06,0
CUST0610,61.0,Male,North,Graduate,Self-Employed,372323.59,199980.24,Home,470.8,2,64,31.1,2015-08-18,0
CUST0611,59.0,Male,North,Graduate,Self-Employed,79536.91,170052.34,Education,504.8,1,105,46.32,2018-04-16,0
CUST0612,21.0,Male,West,Graduate,Unemployed,63777.37,552646.67,Other,621.4,2,9,48.09,2019-01-08,1
CUST0613,23.0,Female,East,Graduate,Self-Employed,123501.57,135162.12,Business,641.6,2,113,24.2,2019-03-16,0
CUST0614,33.0,Male,South,Primary,,119065.25,379069.72,Education,594.3,1,7,11.86,2019-10-31,0
CUST0615,48.0,Other,North,Graduate,Salaried,201922.88,406400.75,Car,596.9,2,41,39.66,2016-08-19,0
CUST0616,45.0,Male,West,Post-Graduate,Salaried,46410.41,296226.92,Education,701.5,1,54,34.33,2017-09-27,1
CUST0617,53.0,Male,East,Graduate,Self-Employed,153097.18,82820.45,Business,650.9,2,65,43.72,2020-12-15,0
CUST0618,58.0,Male,North,Graduate,Salaried,,209264.61,Business,640.1,0,2,29.57,2019-08-15,0
CUST0619,26.0,Other,East,Secondary,Salaried,90645.55,641094.41,Car,662.1,0,4,26.7,2021-05-07,0
CUST0620,64.0,Male,South,Graduate,Salaried,,45570.35,Business,576.0,0,78,90.4,2022-08-24,0
CUST0621,52.0,Other,North,Graduate,Salaried,183079.27,142719.87,Business,773.9,0,32,15.86,2023-11-21,0
CUST0622,41.0,Male,South,Graduate,Salaried,166606.37,367183.12,Other,415.4,1,100,47.8,2017-01-07,1
CUST0623,36.0,Male,South,Post-Graduate,Salaried,49721.29,150132.81,Other,716.6,3,2,24.85,2016-11-27,0
CUST0624,41.0,Male,North,Secondary,Unemployed,161473.27,286909.32,Business,672.2,1,104,28.0,2016-12-18,0
CUST0625,31.0,Other,West,Primary,Salaried,94957.7,436452.02,Business,619.9,2,114,28.26,2015-11-20,0
CUST0626,57.0,Female,West,Graduate,Salaried,103127.82,191454.3,Car,,0,115,22.16,2021-11-01,0
CUST0627,56.0,Male,East,Post-Graduate,Salaried,103147.8,232418.14,Business,900.0,1,64,44.06,2019-04-16,0
CUST0628,55.0,,South,Secondary,Self-Employed,90206.27,173565.38,Car,688.3,2,14,66.38,2021-12-13,1
CUST0629,39.0,Other,South,Secondary,Salaried,201798.41,200478.87,Car,596.8,0,20,41.89,2022-08-30,0
CUST0630,40.0,Male,East,Primary,,,709149.54,Car,541.8,2,89,34.87,2017-09-13,1
CUST0631,38.0,Female,South,Secondary,Self-Employed,50426.51,155629.9,Business,672.2,2,106,20.22,2020-07-31,0
CUST0632,61.0,Male,North,Graduate,Self-Employed,77954.62,127107.97,Home,726.8,0,49,42.88,2021-07-16,0
CUST0633,34.0,,South,Graduate,Salaried,879103.9,337468.67,Education,445.8,1,8,97.34,2016-08-09,1
CUST0634,35.0,Female,West,Secondary,Self-Employed,206391.24,90215.3,Education,788.6,2,92,27.38,2017-08-09,0
CUST0635,51.0,Male,South,Secondary,Salaried,141755.19,105841.18,Home,517.1,3,63,27.44,2020-03-03,0
CUST0636,21.0,Male,North,Primary,Unemployed,59259.35,106314.64,Home,523.2,2,46,25.01,2022-02-25,0
CUST0637,23.0,Male,East,Secondary,Self-Employed,438499.5,136064.98,Business,500.4,1,21,25.93,2017-11-06,0
CUST0638,36.0,Male,North,Graduate,Salaried,115712.64,140289.07,Business,600.1,0,87,8.39,2020-02-26,0
CUST0639,43.0,Male,North,Post-Graduate,Salaried,212189.38,265499.89,Car,497.6,0,32,40.55,2017-11-11,1
CUST0640,31.0,Female,North,Post-Graduate,,90126.66,128071.87,Other,507.3,2,8,21.7,2022-06-24,0
CUST0641,32.0,Other,South,Primary,Self-Employed,135946.34,273108.5,Business,544.9,1,95,14.8,2015-02-08,0
CUST0642,30.0,Male,East,Post-Graduate,Salaried,,298023.16,Car,611.1,1,101,48.26,2020-03-20,0
CUST0643,52.0,Female,South,Graduate,Self-Employed,205031.07,103005.96,Business,618.8,1,16,19.28,2018-03-24,0
CUST0644,36.0,Male,North,Graduate,Salaried,186171.02,293576.7,Other,699.3,1,40,27.96,2022-08-07,0
CUST0645,28.0,Male,West,Graduate,Self-Employed,166594.53,312823.04,Education,697.5,1,106,68.94,2021-02-16,0
CUST0646,58.0,Male,West,Secondary,Self-Employed,81711.33,47445.86,Home,682.0,0,27,16.37,2016-10-09,0
CUST0647,32.0,Male,West,Secondary,Self-Employed,70049.15,199872.84,Other,579.1,3,104,15.39,2015-10-30,0
CUST0648,44.0,,North,Primary,,120519.22,114178.05,Education,452.7,2,105,37.89,2019-12-15,0
CUST0649,48.0,Male,South,Secondary,Salaried,172797.7,405203.82,Home,450.9,2,18,58.84,2018-11-16,0
CUST0650,28.0,Male,West,Secondary,Salaried,,113365.87,Education,681.4,1,35,15.07,2021-08-03,0
